local_a_m,local_b_m,x_m,y_m,diameter_upper_bound_m,move_distance_m,move_and_detect_time_s
220.9419376327556,195.47291422364256,1720.9419376327555,195.47291422364256,15.768784303874716,295.0,64.0
220.9419376327556,-195.47291422364256,1720.9419376327555,-195.47291422364256,15.768784303874538,295.0,64.0
222.06543824604964,201.7100422304004,1722.0654382460496,201.7100422304004,15.800961139514452,300.0,65.0
222.06543824604964,-201.7100422304004,1722.0654382460496,-201.7100422304004,15.800961139514436,300.0,65.0
220.08692564320137,196.43509147024608,1720.0869256432013,196.43509147024608,15.819531952561873,295.0,64.0
220.08692564320137,-196.43509147024608,1720.0869256432013,-196.43509147024608,15.819531952561743,295.0,64.0
221.79274320629833,194.5070154545203,1721.7927432062984,194.5070154545203,15.82519018062693,295.0,64.0
221.79274320629833,-194.5070154545203,1721.7927432062984,-194.5070154545203,15.825190180626999,295.0,64.0
221.18320104303723,202.67706228469808,1721.1832010430371,202.67706228469808,15.835838588892543,300.0,65.0
221.18320104303723,-202.67706228469808,1721.1832010430371,-202.67706228469808,15.835838588892372,300.0,65.0
218.86577826460388,190.2571184072471,1718.865778264604,190.2571184072471,15.83798454103564,290.0,63.0
218.86577826460388,-190.2571184072471,1718.865778264604,-190.2571184072471,15.837984541035512,290.0,63.0
222.94344764321826,200.73918190765747,1722.9434476432182,200.73918190765747,15.85748611051005,300.0,65.0
222.94344764321826,-200.73918190765747,1722.9434476432182,-200.73918190765747,15.857486110510054,300.0,65.0
219.22772351583131,197.39352887586318,1719.2277235158313,197.39352887586318,15.870409213676133,295.0,64.0
219.22772351583131,-197.39352887586318,1719.2277235158313,-197.39352887586318,15.870409213676087,295.0,64.0
222.63932616571773,193.53741355219964,1722.6393261657176,193.53741355219964,15.883820906286356,295.0,64.0
222.63932616571773,-193.53741355219964,1722.6393261657176,-193.53741355219964,15.883820906286328,295.0,64.0
220.29675283070566,203.6402236598825,1720.2967528307056,203.6402236598825,15.885237265584554,300.0,65.0
220.29675283070566,-203.6402236598825,1720.2967528307056,-203.6402236598825,15.88523726558451,300.0,65.0
218.03354416890343,191.21028637901998,1718.0335441689035,191.21028637901998,15.917478732579726,290.0,63.0
218.03354416890343,-191.21028637901998,1718.0335441689035,-191.21028637901998,15.917478732579726,290.0,63.0
219.40611048575113,204.59950801874953,1719.406110485751,204.59950801874953,15.934753977924089,300.0,65.0
219.40611048575113,-204.59950801874953,1719.406110485751,-204.59950801874953,15.934753977923952,300.0,65.0
223.81721251850988,199.76449980025026,1723.81721251851,199.76449980025026,15.94523947064745,300.0,65.0
223.81721251850988,-199.76449980025026,1723.81721251851,-199.76449980025026,15.945239470647435,300.0,65.0
218.36434760861547,198.34820819322707,1718.3643476086154,198.34820819322707,15.958454625457346,295.0,64.0
218.36434760861547,-198.34820819322707,1718.3643476086154,-198.34820819322707,15.958454625457215,295.0,64.0
217.1971590288106,192.15981398256386,1717.1971590288106,192.15981398256386,15.976499627176704,290.0,63.0
217.1971590288106,-192.15981398256386,1717.1971590288106,-192.15981398256386,15.976499627176617,290.0,63.0
217.4968143589866,199.29911124661976,1717.4968143589865,199.29911124661976,16.009838704952628,295.0,64.0
217.4968143589866,-199.29911124661976,1717.4968143589865,-199.29911124661976,16.009838704952493,295.0,64.0
224.68671623670062,198.78601446472126,1724.6867162367007,198.78601446472126,16.01070414964078,300.0,65.0
224.68671623670062,-198.78601446472126,1724.6867162367007,-198.78601446472126,16.010704149640787,300.0,65.0
216.35663876789286,193.10568314024192,1716.356638767893,193.10568314024192,16.029668429701804,290.0,63.0
216.35663876789286,-193.10568314024192,1716.356638767893,-193.10568314024192,16.02966842970154,290.0,63.0
215.09223036349002,186.97682326229457,1715.09223036349,186.97682326229457,16.04363611569958,285.0,62.0
215.09223036349002,-186.97682326229457,1715.09223036349,-186.97682326229457,16.043636115699496,285.0,62.0
216.62514028352723,200.2462199322178,1716.6251402835273,200.2462199322178,16.061349747817456,295.0,64.0
216.62514028352723,-200.2462199322178,1716.6251402835273,-200.2462199322178,16.061349747817413,295.0,64.0
214.49244407331383,179.980530712231,1714.492444073314,179.980530712231,16.07146191563354,280.0,61.0
214.49244407331383,-179.980530712231,1714.492444073314,-179.980530712231,16.071461915633414,280.0,61.0
226.27416997969522,226.27416997969522,1726.2741699796952,226.27416997969522,16.082538738218183,320.0,69.0
226.27416997969522,-226.27416997969522,1726.2741699796952,-226.27416997969522,16.082538738218155,320.0,69.0
215.51199938844434,194.0478758440689,1715.5119993884443,194.0478758440689,16.082976052146808,290.0,63.0
215.51199938844434,-194.0478758440689,1715.5119993884443,-194.0478758440689,16.082976052146673,290.0,63.0
225.55194224369322,197.80374453002065,1725.5519422436932,197.80374453002065,16.09341374292346,300.0,65.0
225.55194224369322,-197.80374453002065,1725.5519422436932,-197.80374453002065,16.09341374292348,300.0,65.0
214.27434513150857,187.9135573035196,1714.2743451315087,187.9135573035196,16.098772904283955,285.0,62.0
214.27434513150857,-187.9135573035196,1714.2743451315087,-187.9135573035196,16.098772904283905,285.0,62.0
222.29067854687912,230.18873610836837,1722.290678546879,230.18873610836837,16.110269662922974,320.0,69.0
222.29067854687912,-230.18873610836837,1722.290678546879,-230.18873610836837,16.11026966292298,320.0,69.0
215.7493419776553,201.18951621843706,1715.7493419776554,201.18951621843706,16.112986609524746,295.0,64.0
215.7493419776553,-201.18951621843706,1715.7493419776554,-201.18951621843706,16.11298660952461,295.0,64.0
214.6632569711813,194.98637415605373,1714.6632569711812,194.98637415605373,16.13642143651286,290.0,63.0
214.6632569711813,-194.98637415605373,1714.6632569711812,-194.98637415605373,16.13642143651277,290.0,63.0
213.4523804248656,188.8467137414852,1713.4523804248656,188.8467137414852,16.1540598789437,285.0,62.0
213.4523804248656,-188.8467137414852,1713.4523804248656,-188.8467137414852,16.154059878943695,285.0,62.0
215.80194010159536,208.39751113769918,1715.8019401015954,208.39751113769918,16.17175453918515,300.0,65.0
215.80194010159536,-208.39751113769918,1715.8019401015954,-208.39751113769918,16.17175453918506,300.0,65.0
226.4128740668316,196.81770869715217,1726.4128740668316,196.81770869715217,16.185011727019535,300.0,65.0
226.4128740668316,-196.81770869715217,1726.4128740668316,-196.81770869715217,16.185011727019504,300.0,65.0
213.810427674936,195.92116020854147,1713.810427674936,195.92116020854147,16.19000353293479,290.0,63.0
213.810427674936,-195.92116020854147,1713.810427674936,-195.92116020854147,16.19000353293457,290.0,63.0
212.62635189258438,189.77627481023774,1712.6263518925844,189.77627481023774,16.2094960809566,285.0,62.0
212.62635189258438,-189.77627481023774,1712.6263518925844,-189.77627481023774,16.209496080956512,285.0,62.0
212.9535277363488,196.8522162045531,1712.9535277363489,196.8522162045531,16.24372129960366,290.0,63.0
212.9535277363488,-196.8522162045531,1712.9535277363489,-196.8522162045531,16.243721299603617,290.0,63.0
211.79627526105736,190.70222281227458,1711.7962752610574,190.70222281227458,16.265080559767338,285.0,62.0
211.79627526105736,-190.70222281227458,1711.7962752610574,-190.70222281227458,16.265080559767338,285.0,62.0
211.31868246237616,183.69652811734204,1711.3186824623763,183.69652811734204,16.28414406112397,280.0,61.0
211.31868246237616,-183.69652811734204,1711.3186824623763,-183.69652811734204,16.2841440611241,280.0,61.0
212.09257346955943,197.77952441812457,1712.0925734695595,197.77952441812457,16.2975737026892,290.0,63.0
212.09257346955943,-197.77952441812457,1712.0925734695595,-197.77952441812457,16.29757370268902,290.0,63.0
227.5044061620118,252.66924066231405,1727.5044061620117,252.66924066231405,16.315917927538038,340.0,73.0
227.5044061620118,-252.66924066231405,1727.5044061620117,-252.66924066231405,16.315917927537807,340.0,73.0
210.51514609411367,184.61682822801927,1710.5151460941138,184.61682822801927,16.320206799324353,280.0,61.0
210.51514609411367,-184.61682822801927,1710.5151460941138,-184.61682822801927,16.32020679932426,280.0,61.0
210.96216633374715,191.6245401188804,1710.962166333747,191.6245401188804,16.32081237291374,285.0,62.0
210.96216633374715,-191.6245401188804,1710.962166333747,-191.6245401188804,16.320812372913608,285.0,62.0
230.18873610836837,222.29067854687912,1730.1887361083684,222.29067854687912,16.36112869311571,320.0,69.0
230.18873610836837,-222.29067854687912,1730.1887361083684,-222.29067854687912,16.361128693115823,320.0,69.0
218.23947521999952,234.03318451813453,1718.2394752199996,234.03318451813453,16.365073669853594,320.0,69.0
218.23947521999952,-234.03318451813453,1718.2394752199996,-234.03318451813453,16.365073669853505,320.0,69.0
210.12404099088536,192.54320917046317,1710.1240409908853,192.54320917046317,16.377387131360933,285.0,62.0
210.12404099088536,-192.54320917046317,1710.1240409908853,-192.54320917046317,16.377387131360976,285.0,62.0
209.7076018209206,185.5336135004065,1709.7076018209207,185.5336135004065,16.3781379503546,280.0,61.0
209.7076018209206,-185.5336135004065,1709.7076018209207,-185.5336135004065,16.37813795035438,280.0,61.0
212.13203435596427,212.13203435596427,1712.1320343559642,212.13203435596427,16.4126808434559,300.0,65.0
212.13203435596427,-212.13203435596427,1712.1320343559642,-212.13203435596427,16.412680843455757,300.0,65.0
208.89606501727587,186.44686648023358,1708.8960650172758,186.44686648023358,16.436229985841244,280.0,61.0
208.89606501727587,-186.44686648023358,1708.8960650172758,-186.44686648023358,16.436229985841106,280.0,61.0
209.28191518917038,193.45821247688838,1709.2819151891704,193.45821247688838,16.439425529122932,285.0,62.0
209.28191518917038,-193.45821247688838,1709.2819151891704,-193.45821247688838,16.439425529122843,285.0,62.0
223.0600698567725,256.6012572757425,1723.0600698567725,256.6012572757425,16.48615189602473,340.00000000000006,73.00000000000001
223.0600698567725,-256.6012572757425,1723.0600698567725,-256.6012572757425,16.486151896024545,340.00000000000006,73.00000000000001
208.08055113367038,187.3565697804803,1708.0805511336703,187.3565697804803,16.4944820852662,280.0,61.0
208.08055113367038,-187.3565697804803,1708.0805511336703,-187.3565697804803,16.49448208526597,280.0,61.0
229.8133329356934,192.83628290596178,1729.8133329356933,192.83628290596178,16.498679262879314,300.0,65.0
229.8133329356934,-192.83628290596178,1729.8133329356933,-192.83628290596178,16.498679262879325,300.0,65.0
208.4358049614636,194.36953261781207,1708.4358049614636,194.36953261781207,16.502555414412434,285.0,62.0
208.4358049614636,-194.36953261781207,1708.4358049614636,-194.36953261781207,16.502555414412477,285.0,62.0
207.5451345612623,180.4162329723895,1707.5451345612623,180.4162329723895,16.53178790688654,275.0,60.0
207.5451345612623,-180.4162329723895,1707.5451345612623,-180.4162329723895,16.531787906886358,275.0,60.0
207.261075696313,188.26270608170705,1707.261075696313,188.26270608170705,16.552893436205483,280.0,61.0
207.261075696313,-188.26270608170705,1707.261075696313,-188.26270608170705,16.552893436205437,280.0,61.0
231.87944242124948,248.66025855051797,1731.8794424212495,248.66025855051797,16.56288090337259,340.0,73.0
231.87944242124948,-248.66025855051797,1731.8794424212495,-248.66025855051797,16.562880903372783,340.0,73.0
206.75594705671878,181.32009915251894,1706.7559470567187,181.32009915251894,16.592627076807695,275.0,60.0
206.75594705671878,-181.32009915251894,1706.7559470567187,-181.32009915251894,16.59262707680765,275.0,60.0
206.43765430683473,189.16525813238488,1706.4376543068347,189.16525813238488,16.61146323425807,280.0,61.0
206.43765430683473,-189.16525813238488,1706.4376543068347,-189.16525813238488,16.611463234257982,280.0,61.0
205.96282321697558,182.22051325932782,1705.9628232169755,182.22051325932782,16.622209511864497,275.0,60.0
205.96282321697558,-182.22051325932782,1705.9628232169755,-182.22051325932782,16.622209511864494,275.0,60.0
214.12179403483464,237.80634415276614,1714.1217940348347,237.80634415276614,16.62520358482855,320.0,69.0
214.12179403483464,-237.80634415276614,1714.1217940348347,-237.80634415276614,16.625203584828455,320.0,69.0
234.03318451813453,218.23947521999952,1734.0331845181345,218.23947521999952,16.646368417563348,320.0,69.0
234.03318451813453,-218.23947521999952,1734.0331845181345,-218.23947521999952,16.646368417563405,320.0,69.0
208.39751113769918,215.80194010159536,1708.3975111376992,215.80194010159536,16.657514715219094,300.0,65.0
208.39751113769918,-215.80194010159536,1708.3975111376992,-215.80194010159536,16.657514715219094,300.0,65.0
205.61030264199195,190.06420874922367,1705.610302641992,190.06420874922367,16.670190682975026,280.0,61.0
205.61030264199195,-190.06420874922367,1705.610302641992,-190.06420874922367,16.67019068297498,280.0,61.0
205.16577814196737,183.1174581502294,1705.1657781419674,183.1174581502294,16.672827676506024,275.0,60.0
205.16577814196737,-183.1174581502294,1705.1657781419674,-183.1174581502294,16.672827676505843,275.0,60.0
204.77903645336772,190.95954081749957,1704.7790364533678,190.95954081749957,16.72907499378825,280.0,61.0
204.77903645336772,-190.95954081749957,1704.7790364533678,-190.95954081749957,16.729074993788203,280.0,61.0
204.3648270062834,184.01091674868601,1704.3648270062833,184.01091674868601,16.73388531128921,275.0,60.0
204.3648270062834,-184.01091674868601,1704.3648270062833,-184.01091674868601,16.73388531128912,275.0,60.0
218.5477872934234,260.45511066045253,1718.5477872934234,260.45511066045253,16.741773298775446,340.0,73.0
218.5477872934234,-260.45511066045253,1718.5477872934234,-260.45511066045253,16.74177329877531,340.0,73.0
203.77158666014844,177.13593782743698,1703.7715866601484,177.13593782743698,16.771746902127532,270.0,59.0
203.77158666014844,-177.13593782743698,1703.7715866601484,-177.13593782743698,16.771746902127443,270.0,59.0
231.40353948715418,275.7759995228321,1731.4035394871541,275.7759995228321,16.79038551429958,360.0,77.0
231.40353948715418,-275.7759995228321,1731.4035394871541,-275.7759995228321,16.790385514299455,360.0,77.0
203.55998505887882,184.9008720445337,1703.5599850588787,184.9008720445337,16.795115626735722,275.0,60.0
203.55998505887882,-184.9008720445337,1703.5599850588787,-184.9008720445337,16.795115626735633,275.0,60.0
236.18384595605906,244.5755321151414,1736.183845956059,244.5755321151414,16.82263805661302,340.0,73.0
236.18384595605906,-244.5755321151414,1736.183845956059,-244.5755321151414,16.822638056613044,340.0,73.0
202.9967480193239,178.0233700770186,1702.9967480193238,178.0233700770186,16.83551218066846,270.0,59.0
202.9967480193239,-178.0233700770186,1702.9967480193238,-178.0233700770186,16.835512180668367,270.0,59.0
202.75126762278413,185.78730709430656,1702.751267622784,185.78730709430656,16.856517956876118,275.0,60.0
202.75126762278413,-185.78730709430656,1702.751267622784,-185.78730709430656,16.856517956876026,275.0,60.0
209.93888927696233,241.50706567128705,1709.9388892769623,241.50706567128705,16.89069798365567,320.0,69.0
209.93888927696233,-241.50706567128705,1709.9388892769623,-241.50706567128705,16.890697983655535,320.0,69.0
202.21804461303057,178.90741301824912,1702.2180446130305,178.90741301824912,16.89946827815977,270.0,59.0
202.21804461303057,-178.90741301824912,1702.2180446130305,-178.90741301824912,16.899468278159674,270.0,59.0
204.59950801874953,219.40611048575113,1704.5995080187495,219.40611048575113,16.906242763374685,300.0,65.0
204.59950801874953,-219.40611048575113,1704.5995080187495,-219.40611048575113,16.90624276337459,300.0,65.0
201.93869009481352,186.67020502155896,1701.9386900948134,186.67020502155896,16.918091643837187,275.0,60.0
201.93869009481352,-186.67020502155896,1701.9386900948134,-186.67020502155896,16.918091643837098,275.0,60.0
201.4354912666589,179.78804982022524,1701.4354912666588,179.78804982022524,16.945672090080862,270.0,59.0
201.4354912666589,-179.78804982022524,1701.4354912666588,-179.78804982022524,16.945672090080862,270.0,59.0
237.80634415276614,214.12179403483464,1737.806344152766,214.12179403483464,16.946984101631152,320.0,69.0
237.80634415276614,-214.12179403483464,1737.806344152766,-214.12179403483464,16.946984101631177,320.0,69.0
201.41514409482232,194.50434372851925,1701.4151440948224,194.50434372851925,16.966165358424043,280.0,61.0
201.41514409482232,-194.50434372851925,1701.4151440948224,-194.50434372851925,16.966165358423908,280.0,61.0
201.1222679452719,187.54954901718708,1701.122267945272,187.54954901718708,16.9798360377762,275.0,60.0
201.1222679452719,-187.54954901718708,1701.122267945272,-187.54954901718708,16.97983603777606,275.0,60.0
200.64910287889646,180.66526371689173,1700.6491028788964,180.66526371689173,16.9839908246605,270.0,59.0
200.64910287889646,-180.66526371689173,1700.6491028788964,-180.66526371689173,16.983990824660406,270.0,59.0
236.18125043658262,271.69544888019794,1736.1812504365826,271.69544888019794,17.026981345478962,360.0,77.0
236.18125043658262,-271.69544888019794,1736.1812504365826,-271.69544888019794,17.026981345478955,360.0,77.0
199.8588944214447,181.53903800736038,1699.8588944214448,181.53903800736038,17.04818947401439,270.0,59.0
199.8588944214447,-181.53903800736038,1699.8588944214448,-181.53903800736038,17.048189474014205,270.0,59.0
199.99803875903459,173.85564268248442,1699.9980387590347,173.85564268248442,17.06719814040713,265.0,58.0
199.99803875903459,-173.85564268248442,1699.9980387590347,-173.85564268248442,17.067198140407037,265.0,58.0
240.41630560342617,240.41630560342617,1740.4163056034263,240.41630560342617,17.095963139526372,340.0,73.0
240.41630560342617,-240.41630560342617,1740.4163056034263,-240.41630560342617,17.095963139526415,340.0,73.0
199.0648809387335,182.40935605622826,1699.0648809387335,182.40935605622826,17.112575354902134,270.0,59.0
199.0648809387335,-182.40935605622826,1699.0648809387335,-182.40935605622826,17.11257535490195,270.0,59.0
199.237548981929,174.72664100151823,1699.237548981929,174.72664100151823,17.116535541511677,265.0,58.0
199.237548981929,-174.72664100151823,1699.237548981929,-174.72664100151823,17.11653554151159,265.0,58.0
205.6920350996926,245.13422179807296,1705.6920350996925,245.13422179807296,17.120989664920646,320.0,69.0
205.6920350996926,-245.13422179807296,1705.6920350996925,-245.13422179807296,17.12098966492069,320.0,69.0
199.1715552109343,167.1247785185002,1699.1715552109342,167.1247785185002,17.142573708796878,260.0,57.0
199.1715552109343,-167.1247785185002,1699.1715552109342,-167.1247785185002,17.142573708796874,260.0,57.0
198.47326600908556,175.59431277717044,1698.4732660090856,175.59431277717044,17.156550881774333,265.0,58.0
198.47326600908556,-175.59431277717044,1698.4732660090856,-175.59431277717044,17.156550881774194,265.0,58.0
200.73918190765747,222.94344764321826,1700.7391819076574,222.94344764321826,17.15885631266809,300.0,65.0
200.73918190765747,-222.94344764321826,1700.7391819076574,-222.94344764321826,17.158856312667808,300.0,65.0
198.2670775476351,183.27620129389425,1698.2670775476352,183.27620129389425,17.177147958414277,270.0,59.0
198.2670775476351,-183.27620129389425,1698.2670775476352,-183.27620129389425,17.177147958414277,270.0,59.0
197.46549943717602,184.13955721687458,1697.465499437176,184.13955721687458,17.196831069720183,270.0,59.0
197.46549943717602,-184.13955721687458,1697.465499437176,-184.13955721687458,17.19683106972027,270.0,59.0
197.9898987322333,197.9898987322333,1697.9898987322333,197.9898987322333,17.205704430974848,280.0,61.0
197.9898987322333,-197.9898987322333,1697.9898987322333,-197.9898987322333,17.20570443097471,280.0,61.0
197.70520439135038,176.45864149022105,1697.7052043913504,176.45864149022105,17.223811420772833,265.0,58.0
197.70520439135038,-176.45864149022105,1697.7052043913504,-176.45864149022105,17.22381142077274,265.0,58.0
241.50706567128705,209.93888927696233,1741.5070656712871,209.93888927696233,17.26401250847609,320.0,69.0
241.50706567128705,-209.93888927696233,1741.5070656712871,-209.93888927696233,17.264012508476117,320.0,69.0
240.88701828918897,267.5321371718619,1740.887018289189,267.5321371718619,17.275677805371227,360.0,77.0
240.88701828918897,-267.5321371718619,1740.887018289189,-267.5321371718619,17.27567780537105,360.0,77.0
196.93337875150948,177.31961068509744,1696.9333787515095,177.31961068509744,17.28429758675061,265.0,58.0
196.93337875150948,-177.31961068509744,1696.9333787515095,-177.31961068509744,17.28429758675061,265.0,58.0
196.15780378401053,178.17720397018704,1696.1578037840104,178.17720397018704,17.31289058769461,265.0,58.0
196.15780378401053,-178.17720397018704,1696.1578037840104,-178.17720397018704,17.31289058769447,265.0,58.0
